,Datetime,Tweet Id,Text,Username,User Location,Reply Count,Retweet Count,Like Count,Quote Count
0,2021-01-22 04:12:08+00:00,1352469068452868103,"@GanucheauAdam Thank you for retweeting! Also if people want to read thru our documentary discussion guide we also have a take action page that breaks down how you can help. 

https://t.co/wSObQbLFCI",_fertileground_,"Jackson, MS",0,0,0,0
1,2021-01-22 01:00:14+00:00,1352420775530291202,"We‚Äôve BEEN asking for this!

Key House leader says Mississippi should cut highest-in-nation grocery tax https://t.co/ND56czXrXe",_fertileground_,"Jackson, MS",0,0,0,0
2,2020-11-30 22:02:50+00:00,1333531965245566977,Mississippi Goals! https://t.co/DrQE0Ycn3j,_fertileground_,"Jackson, MS",0,0,2,0
3,2020-11-30 22:01:50+00:00,1333531710907150336,Tips! https://t.co/iyte1eETRN,_fertileground_,"Jackson, MS",0,0,0,0
4,2020-11-18 12:44:34+00:00,1329042818199908353,@JacksonStateU Athletics and @UHC will be providing 400 turkeys on 11/18. Please spread the word. https://t.co/EXpbqyU805,_fertileground_,"Jackson, MS",0,0,0,0
5,2020-11-16 23:15:57+00:00,1328476931952676864,Exciting! https://t.co/fPRSbRevlz,_fertileground_,"Jackson, MS",0,0,0,0
6,2020-11-12 18:21:17+00:00,1326953227703693313,"Congrats to the team behind the Galloway Living Room, a learning garden for staff and students, which received a @NationalASLA award this past week! #ASLAawardss2020 ü•≥ https://t.co/1YJfUhw56n",_fertileground_,"Jackson, MS",0,1,3,0
7,2020-10-30 13:56:36+00:00,1322175576149499904,"Check out our latest podcast with @GovLovePodcast! We talk about Fertile Ground, Ecoshed, and lots of other stuff. Thanks for having us! üíö https://t.co/wj4fHBnqNk",_salamrida,"Jackson, MS",0,7,5,0
8,2020-09-21 18:46:17+00:00,1308115349242548232,"Join us tonight to learn how to make your own kombucha! Video drops at 6 pm on our website! 

If you‚Äôd like to purchase local scoby for your brew please contact DJ Baker at esculentms(at)gmail dot com!üíö

https://t.co/3GVkOL3Ekh https://t.co/H0cFkcvTfJ",_fertileground_,"Jackson, MS",0,0,0,0
9,2020-09-01 18:01:36+00:00,1300856347265830912,"Yesterday's behind the scene shooting of the upcoming fermentation workshop series by @_fertileground_ with @esculentms and @msmuseumart 

Stay tuned we'll be posting each workshop video‚Ä¶ https://t.co/SzAzS7GNgv",MrDJBaker,Oklahoma,0,1,3,0
12,2020-08-24 17:08:15+00:00,1297943816494874626,"""Always Hungry"" by Kwasi Butler up at AND Gallery. Inspired by the stay hungry tag on the wall, the mural is a painting about opportunity, or the lack of. ‚ÄúI embodied this sense of hunger by creating this grotesque monster, who is pulling himself from the pits of an unseen abyss. https://t.co/pCZPJrpqOA",_fertileground_,"Jackson, MS",1,4,12,0
13,2020-08-17 13:35:10+00:00,1295353478638952449,"In each hand is another male and female with a similar pose but holding a seedling. This represents the natural and generational growth cycle. 

Please go check out her mural and share your photos with us!",_fertileground_,"Jackson, MS",0,0,2,0
14,2020-08-17 13:35:10+00:00,1295353477707825155,"The knowledge and tools passed down from generation to generation are necessary for sculpting our future. To illustrate this, there is a boy and girl sitting under vegetation that resembles collards with their arm extended...",_fertileground_,"Jackson, MS",1,0,2,0
15,2020-08-01 18:15:02+00:00,1289625703802175494,Proud to have a partnership with @DoleSunshine to provide 500 meals to families in West Jackson. Here is the schedule for the month of August. #ShareTheSunshine https://t.co/J66TmaGjYO,_fertileground_,"Jackson, MS",1,12,16,2
16,2020-07-28 19:21:31+00:00,1288192884534136832,@FoodieForChange @sarah_k_mock Thank you! üòä,_fertileground_,"Jackson, MS",0,0,1,0
17,2020-07-28 01:56:53+00:00,1287929991590809600,"Go check Sabrina Howard‚Äôs live painting under the street light. Something so poetic and peaceful about the whole process, can‚Äôt wait to see the finished product ‚ÄúSowing the Seeds of Love‚Äù mural at the @JacksonStateU Blackburn Learning Garden. #jxnms https://t.co/qi3RQcamAX",_fertileground_,"Jackson, MS",1,1,3,0
18,2020-07-03 03:17:11+00:00,1278890504709705728,@ChinMusic6 @Gawbage29 Love seeing you found some talent out of North MS!! MS is fertile ground for baseball players! üëäüèª,Pacelinerider,"madison, ms",1,1,3,0
19,2020-06-20 16:46:19+00:00,1274383087657463808,Amazing event filled with love and joy. #JUNETEENTH2020 https://t.co/qSfSoHFr1O,_fertileground_,"Jackson, MS",0,4,5,0
21,2020-06-14 23:48:29+00:00,1272314999982129152,@TurahTheDon @SippTalk @BlmSip @_fertileground_ @Phinga üëÄüëÄüëÄ,calvertlamon,"Lorman, MS",0,0,1,0
22,2020-06-14 23:28:56+00:00,1272310079845474305,"Black Joy As RESISTANCE! JUNETEENTH CELEBRATION ‚úäüèΩ@SippTalk &amp; @BlmSip sponsored by @_fertileground_ on Farish! FOOD TRUCKS, BLACK VENDORS, and @Phinga back at it! + a WHOLE lot more üí™üèΩ #ComeTogether (PPE mandatory &amp; will be on hand!) #BLMSip https://t.co/oTUixf3ZvU",calvertlamon,"Lorman, MS",1,23,33,1
23,2020-06-14 22:41:23+00:00,1272298114511253510,Behind the scenes photo shoot with Meredith Williams ‚ÄúMDubCreative‚Äù to update our shops website. https://t.co/Lma2tScRXe,_fertileground_,"Jackson, MS",0,0,5,0
24,2020-06-13 20:42:49+00:00,1271905888769585153,@_fertileground_ @SaltineOysters @dezeen @CityLab @archpaper @BloombergDotOrg https://t.co/neBVJjvdjD,TheCamProgram,United States,0,0,0,0
25,2020-06-11 14:54:53+00:00,1271093554904018949,Thank you for sharing. Much üíö! https://t.co/ysx82h6bpx,_fertileground_,"Jackson, MS",1,0,1,0
26,2020-06-11 03:43:56+00:00,1270924702173876224,"@fecalcarliform @NaomiStarkman @PBS @NadraKareem @CivilEats Thank you for sharing the article and information about our documentary. We hope you watch it and provide some thought. Much love from Jackson, Mississippi! üíö",_fertileground_,"Jackson, MS",0,0,4,0
27,2020-06-05 15:24:48+00:00,1268926753218670599,"Our food is being sprayed by a #toxic chemical cocktail. Today over 1 billion lbs of pesticides are used in the US annually, amounting to around $15 billion/year in chemical compounds. To learn more about the #Infertile #PublicArt sculpture visit our website. #silentspring https://t.co/8m80IQl7ko",_fertileground_,"Jackson, MS",1,2,6,0
28,2020-05-28 16:26:13+00:00,1266043108006993921,"‚ÄúMama Rose Kitchen‚Äù by Adrienne Domnick going up on Farish Street! @BloombergDotOrg @VisitJacksonMS @DJP_Downtown @jxnredevelop 

#publicart #thisisfertileground https://t.co/JF2XWHtMZR",_fertileground_,"Jackson, MS",0,6,17,1
29,2020-05-27 21:58:44+00:00,1265764398460817409,"Do you have a mural concept you‚Äôd like to share? We currently have a mural competition at 4 sites around Jackson, MS. The mural should creatively discuss the challenges &amp; opportunities within our food system.

Apply:
https://t.co/yIlDhDzGa6

@kresgefdn @creativecap @knightfdn https://t.co/JIQsfzvSTc",_fertileground_,"Jackson, MS",0,3,6,0
30,2020-05-20 13:33:30+00:00,1263100538230579202,https://t.co/EuGTPFJHl8,_fertileground_,"Jackson, MS",0,2,2,0
31,2020-05-20 13:30:57+00:00,1263099898746081281,"You are invited to participate in the FG Mural Series Competition! The series is a collection of murals that creatively discuss the challenges &amp; opportunities within our food system.

Apply:
https://t.co/2donJ44Fy4

@bloombergdotorg 
@cityofjackson 
@visitjacksonms 
@MSMuseumArt",_fertileground_,"Jackson, MS",1,2,4,0
32,2020-05-18 19:24:31+00:00,1262464099230920706,Beautiful day to visit the #SmithPark #GroundNotations installation by @OfficeJT_ and checkout the sunflower field! #publicart #jxnms #FertileGround @VisitJacksonMS @CityofJacksonMS @DJP_Downtown @BloombergDotOrg #publicartchallenge https://t.co/NYywHfK5z4,_fertileground_,"Jackson, MS",1,9,11,0
33,2020-05-11 19:18:26+00:00,1259925852315361282,"@_beamorg Is Jackson, Mississippi considered the rural south?! @mtmorcelle",_fertileground_,"Jackson, MS",1,0,0,0
34,2020-03-21 16:28:58+00:00,1241401424732438528,"Recent grads and those maybe not so much...pay attention to these words, Mississippi is fertile ground for this idea!! https://t.co/lx5PB6z3ZZ",HayesDent1,"Yazoo City, MS",1,0,10,0
35,2020-03-19 19:54:51+00:00,1240728461255356418,"Happy #FirstDayofSpring! Many of our plants for the Fertile Ground Project are already in their beds and ready to pop! We‚Äôve got Louisiana irises, sunflowers, and blueberry bushes all flowering at their own speeds at #SmithPark @DJP_Downtown @VisitJacksonMS https://t.co/diiSsQM9im",_fertileground_,"Jackson, MS",0,1,4,0
36,2020-03-18 21:36:09+00:00,1240391566486798342,"Co-op of New West Jackson installation coming along. This is a process image of the Co-op Stop, a shelter for art and food exchange within the community. #jxnms #thisfertileground #FertileGroundExpo https://t.co/4JEbA5xCBk",_fertileground_,"Jackson, MS",0,1,1,0
37,2020-03-13 18:19:35+00:00,1238530160770588675,"Lets be sure to do our best to support them so they can continue to feed us. 
(Drone photograph of Foot Print Farms in Jackson, Mississippi) 
#thisisfertileground
#localfoodeconomies
#greeninfrastructure
#jxnms
#localfood https://t.co/H6MEJO1h0v",_fertileground_,"Jackson, MS",0,1,0,0
39,2020-03-09 14:30:08+00:00,1237022865431629825,@_fertileground_ I just passed the mural on the school before seeing this tweet. Great addition to the neighborhood!,npkveg,"Mississippi, USA",1,0,1,0
40,2020-03-07 19:56:38+00:00,1236380257101524993,"Thanks to everyone that volunteered today, as they say many hands make light work! #GroundNotations installation will debut at Smith Park on April 10! Register on our website for the #FertileGroundExpo #publicart #jxnms https://t.co/uJoSCjlATE",_fertileground_,"Jackson, MS",0,4,6,0
41,2020-03-04 16:13:10+00:00,1235236855974682624,@jazzyfae601 Haha! Will let you know when they‚Äôre ready to be picked up!,_fertileground_,"Jackson, MS",0,0,0,0
42,2020-03-03 15:36:47+00:00,1234865311981154308,üåª Planted 300 sunflowers yesterday üåª who wants one when they‚Äôre ready!? https://t.co/M9Lq0NxKjX,_fertileground_,"Jackson, MS",1,3,4,0
43,2020-03-01 16:23:16+00:00,1234152231546560513,@JxnFreePress Thank you for sharing this article JFP! Make sure to register for the Expo April 9-11!,_fertileground_,"Jackson, MS",0,0,0,0
44,2020-03-01 16:22:28+00:00,1234152033776816128,Register for the #FertileGroundExpo https://t.co/sCBtaMXZPu #free #event #jxnms https://t.co/LtS4iIwa8B,_fertileground_,"Jackson, MS",0,3,4,0
45,2020-02-29 15:40:37+00:00,1233779111962857472,That feeling when only two people show up for volunteer day üòÖ #digging   #bioswale #forone https://t.co/5bzTUR2FRx,_fertileground_,"Jackson, MS",0,0,1,0
46,2020-02-29 04:08:12+00:00,1233604859947102209,"üéâVOLUNTEER DAYüéâ Saturday / 
9 am - 2 pm / Smith Park https://t.co/ov2nCrZwum",_fertileground_,"Jackson, MS",0,1,1,0
47,2020-01-28 00:51:09+00:00,1221958859880910849,@_fertileground_ @AARPMS And I feel the same about the work that you all do for the community! Thank you!,KimberlyLCampb3,"Madison, MS",0,0,1,0
48,2019-11-26 16:46:31+00:00,1199368847163379712,Searching for concrete slabs on Farish Street. How far do you go? https://t.co/D13jBWHog9,_fertileground_,"Jackson, MS",0,0,6,0
50,2019-10-30 21:32:24+00:00,1189656323648086017,@_fertileground_ @Musclecar1978 @AARPMS @MelindaBertucci They are the best! Just a small way to show our appreciation to them!,KimberlyLCampb3,"Madison, MS",0,0,1,0
51,2019-10-30 19:54:02+00:00,1189631568010186757,@_fertileground_ @lovehomeplanet It‚Äôs probably from those sketchy belhaven dogs.,jxntransplants,"Jackson, MS",0,0,1,0
52,2019-10-19 15:39:57+00:00,1185581359961661440,"‚ÄúPeas‚Äù visit @_fertileground_ at @jxnflea from 10-1 today to harvest some early holiday gifts‚Äîall proceeds to #GallowayElementary‚Äôs new learning garden. üçâüçáüçìü•¨ü•¶ü•ïüçè
„Ä∞Ô∏è
620 N. State Street, Jackson, MS, 39202 https://t.co/zXP63FlsyW",mtmorcelle,DC (Stolen Powhatan Land),0,0,5,1
53,2019-03-14 15:06:24+00:00,1106209972956917760,"Editing my first podcast for the Fertile Ground project and learning all the nuances of audio has been awesome especially the spectrum visualization heatmap. Gotta pace myself tho, my design brain go boom ü§Ø",_salamrida,"Jackson, MS",0,0,2,0
54,2021-03-12 01:24:58+00:00,1370184004117356554,"...who may be without food and have difficulty with water, have access to these essential resources, in a way that is safe and follows Covid-19 social distancing guidelines.

For more information about this event or about Mississippi MOVE, call 662-205-6683 or 601-543-9600.",MississippiMOV1,Mississippi communities,0,0,0,0
55,2021-02-19 16:34:35+00:00,1362802774665232392,Jackson is looking for food trucks to help feed families without access to water and power #helpJackson https://t.co/AwWq1VkpDP,HeyAprill,"Jackson, MS",0,13,2,0
56,2021-02-09 15:58:58+00:00,1359169931649175558,"@ReflectShade @_atanas_ @docmmiller @Drstevenhobbs @DrTomMartinPhD @DrPeterBagshaw @SteveFDA @PeterHotez @EwingT_PhD @_INPST Food abundance, fruit and juice access reducing scurvy, fortification (dairy D, iodine, iron, ...), food cleanliness and sanitation farm to table, cooking, freezing, canning, adequate protein, reduced food costs, ... all part of longer lives. Could be better, but alotta good.",npkveg,"Mississippi, USA",0,0,1,0
57,2021-01-01 15:55:31+00:00,1345035936908849153,"So that's about how long the socialist/democrats believe it'll take to gain full control of Nation ! Either by strict government control of public movement, access to food, utilities, jobs, ect ! In order to bring Americans to accept socialist control !

https://t.co/tI4rSHuL2c",Lessweforget57, USA,0,0,0,0
59,2020-11-27 21:41:31+00:00,1332439433229045761,If I had access to food like I would like this being in Quarantine wouldn‚Äôt even so bad #FuckCovid,JayShad,DMV,0,0,1,0
60,2020-11-04 09:15:21+00:00,1323916736333258753,"The American Dream is https://t.co/20eBpqmPkQ can't buy a home, car or even food with employment going down, taxes going up, Americans facing increased threats from drug cartels &amp; terrorists being allowed easier access border crossing because of democrats open borders policies.",Lessweforget57, USA,0,0,0,0
61,2020-10-26 02:34:44+00:00,1320554425153409027,"@Mr_Scottch_ @briangaar Or education (they‚Äôre especially especially reluctant to fund it if that education includes slavery)
Food stamps/ EBT
Minimum wage
Unemployment (not even in the middle of a pandemic)
Basic access to hygiene products
Making medical care affordable and accessible 

Pro life my ass",jessetivy,"Mississippi, USA",0,0,0,0
62,2020-08-15 14:58:41+00:00,1294649721139724297,"Abortion access along with housing and food access instead of police great move Austin, what do these have to do with violence or police protection?
Fox News: Austin City Council just voted to cut $150 million from its police department.
https://t.co/D0AP2x7oHG

via @GoogleNews",smileingbelle,"Nesbit, MS",0,0,0,0
64,2020-03-14 14:07:57+00:00,1238829219955855362,"@IAmMzWord There are some talking about this on other channels, too.
Same with those kids who may not have a way to access the free meals they normally get at school.

Time for everyone to step up and help their neighbor.
Buy them food.
Help watch the kids.
#COVID19",LauraOinAK,"Poplarville, MS",1,0,1,0
65,2020-02-25 17:44:56+00:00,1232360845067345921,Brian Howard from @AIPInstitute talking about federal policy solutions for broadband access to support food access and development in #IndianCountry at the @NCAI1944 Tribal #FoodSovereignty Summit https://t.co/ytuN3tvy5B,ColbyDuren,"Washington, DC",0,2,10,1
66,2020-01-24 05:52:12+00:00,1220585069515022337,"Dear @OleMissRebels,

I am indeed not a RebelSharkBear, but I have most definitely enjoyed seeing hundreds of pictures and videos across social media platforms of the food delivering robots. I am sincerely thankful for them, despite I don‚Äôt actually have access to them. 

xoxo‚ù§Ô∏è",LillianAngle,38863/38843,0,0,0,0
67,2019-11-30 22:38:36+00:00,1200907005709422593,"Millions could lose access to food stamps under Trump proposal, study finds

https://t.co/5o0NmGAO7q",Werdnat,Texas,0,0,0,0
69,2019-10-19 19:31:13+00:00,1185639560421793793,"I voted #FreeSchoolLunches on @TheTylt. All students should have access to the same food at school, regardless of their ability to pay. https://t.co/k5voxz8YIP",TetraStark,hell,0,0,0,0
70,2019-10-12 16:54:46+00:00,1183063472973717504,@pelfreyduryea @ProfLWiley @MedlawDan @emilyabenfer @thejimhobart Yes. Have had great community conversations re: how discriminatory public policies past &amp; present shape &amp; limit access to fair opportunities for health where we live (e.g. access to basic needs like food)‚Äî&amp; how we can work together to hold elected officials accountable for change https://t.co/6k8DbQzcvn,mtmorcelle,DC (Stolen Powhatan Land),1,4,9,0
71,2019-10-07 14:00:19+00:00,1181207628925587459,Six organizations formed the Mississippi Food Justice Collaborative to improve health outcomes for #Mississippi children and families. Check out how increasing access to local foods is transforming the state's food system. https://t.co/0gmdRz11PW #F2SMonth @NCAT_ORG @FoodCorps,WK_Kellogg_Fdn,"Battle Creek, Mich.",1,3,14,1
72,2019-09-15 00:29:17+00:00,1173030993936179200,"‚ÄúAccess to affordable, nutritious food shouldn‚Äôt be a luxury reserved for the wealthy, it should be a right for all.‚Äù",nathanjpitts,"D'Iberville, MS",1,0,1,0
73,2019-07-09 04:44:46+00:00,1148452913615900672,"Did you know that your voice is a superpower?üì£

Your stories expose how inequitable access to healthy food harms real Mississippians. They shape &amp; fuel @justice4ms's food advocacy &amp; help policymakers understand why they must prioritize community-driven solutions now.",mtmorcelle,DC (Stolen Powhatan Land),1,2,9,0
74,2019-05-22 13:59:41+00:00,1131197947008491520,"The power of arts to transform food systems in disinvested communities.  IMAN has a program called corner store cyphers where arts, health and nutrition come together to bring awareness of and access to healthy produce from local farms. @ArtPlaceAmerica @kresgeart @imancentral",mdjohnson1663,"Detroit, MI",0,5,9,0
75,2021-03-22 16:30:42+00:00,1374035819070099456,"In the past year, @StateFarm made $1.3 million in donations to @FeedingAmerica to help fight food insecurity. See how national food insecurity levels were impacted by COVID-19 and what's expected for 2021. #GoodNeighbor https://t.co/KvyPg1f77r https://t.co/E2WWHsJOl0",Jonathan_J32,Jackson,0,0,0,0
76,2021-03-22 16:06:48+00:00,1374029806686371846,"Mississippi, did you know? In February alone, more than 89,000 people were provided food by @MSFoodNet, almost 26,000 of those children. There are organizations out there trying to help but food insecurity is happening is our communities. https://t.co/TTakVIHQ8U",FowlerSarah,"Jackson, MS",0,6,10,0
77,2021-01-24 13:00:41+00:00,1353326858054602753,"This is really interesting, I knew food insecurity was a big problem, and that energy development was more complicated, but I had never seen anything about WHY https://t.co/pS3WexehKt",jessetivy,"Mississippi, USA",0,0,0,0
78,2021-01-22 17:42:28+00:00,1352672997283393541,MUST WATCH! This is my home &amp; just one of the issues that causes me to lose sleep at night. So many points to reflect on. Watch it!  #foodinsecurity #StillMadAtKroger  #WhyDoWeTaxFood #GrowAGarden https://t.co/FYYnDlUKJX,ggsims77,Mississippi,0,1,2,0
79,2020-12-05 16:40:28+00:00,1335262776105857026,"This is what Pandemic has turned America into, so much food insecurity and POC are the ones mostly affected. We saw lines of exotic cars waiting for food at a food bank in Dallas, now this. https://t.co/4FrzFCdUAO",OludareOkusanya,"Jackson, MS",1,0,0,0
80,2020-05-14 13:43:24+00:00,1260928702587830273,"@gstew2 Only small businesses. Still work to do to address food insecurity, healthcare, education, cities and counties and protecting workers.",jarvisdortch,"Jackson, MS",0,0,1,0
81,2020-04-02 08:16:00+00:00,1245626022000648192,"Economic sanctions amid coronavirus pandemic could lead to food insecurity, UN expert warns  https://t.co/6mYlfgvgH8",GBarta42384,"Gulfport, MS",0,0,0,0
82,2020-01-11 04:43:24+00:00,1215856712663564289,Bully's Closet and Pantry fights against food insecurity https://t.co/U4rGsucc2g,OMGItsMontelleo,"Salt Lake City, UT",0,1,9,0
83,2020-01-09 10:55:25+00:00,1215225556180111360,MSU fights food insecurity among students with new food pantry https://t.co/5HFe0y7k8G via @WCBINEWS #HailState,OMGItsMontelleo,"Salt Lake City, UT",0,7,15,0
84,2019-11-27 19:33:56+00:00,1199773367668289539,".@AMJPublicHealth‚Äôs new issue is my Thanksgiving holiday weekend reading list. Thank you for featuring pieces on immigrant and sexual health, food insecurity (&amp; SNAP), and gun violence! #publichealth https://t.co/xcUoVkj7fN",mtmorcelle,DC (Stolen Powhatan Land),0,0,0,0
85,2019-10-28 22:44:06+00:00,1188949591280029699,the fact that students face food insecurity is very upsetting,mvvlik,662,0,1,0,0
86,2019-10-08 14:08:07+00:00,1181571980690153472,"@mtmorcelle speaking on the role that food insecurity plays in chronic diseases like heart disease. Especially in MS!
@AHAMetroJackson @AHAlivehealthy #GoRedForWomen https://t.co/zjLg5nruk5",McMullanMike,"Ridgeland, MS",0,0,0,0
87,2019-07-25 00:21:49+00:00,1154184947802021891,"@mtmorcelle @thisislarrison @ashtonpittman @FowlerSarah @courtneyannj We recently aired a story on @16WAPTNews dealing with food insecurity, @mtmorcelle. I learned some startling numbers not only across Mississippi, but here in the Jackson Metro too. https://t.co/PoY4nzFpe0",Troy_Johnson,"Jackson, MS",1,1,1,0
91,2020-05-20 15:34:43+00:00,1263131045697744896,WATCH: The Top 3 Moments of Biden‚Äôs Gaffetastic Coronavirus and Food Security Town Hall - https://t.co/Ae1DdYdvcZüö®Can you picture this man negotiating with another world leader in an important matter???üö®,RiemDebra,"Mississippi, USA",0,1,0,0
92,2020-04-05 14:21:06+00:00,1246805062963339265,#foodsafety #foodsecurity #foofraud all in one. https://t.co/T8C3kdTVSA,npkveg,"Mississippi, USA",0,0,1,0
93,2019-12-20 06:01:10+00:00,1207903752000278528,"MSU is continuing its efforts with the Food Security Network, connecting students in need of resources. On January 10, Bully‚Äôs Closet and Pantry will open, offering food, clothing and other necessities for MSU students in need. #TrueDawg #Promo https://t.co/Qfd5vJ0SUU",travisk00,"Hernando, MS",0,0,0,0
94,2019-11-05 12:50:46+00:00,1191699376302886912,"Today is Election Day in #Mississippi.
Opportunity is on the üó≥. Education is on the üó≥. Healthcare is on the üó≥. Food security is on the üó≥. Roads &amp; bridges are on the üó≥. Public services are on the üó≥. Fairness and Justice are on the üó≥. Leadership is on the ballot. #VoteOnNov5 https://t.co/9jRKTwWp7D",WJSClanton,"Washington, DC",1,5,10,3
97,2019-05-08 13:43:30+00:00,1126120442480164864,"Join @justice4ms &amp; @partnershipms in our call on Congress to: 
üçèInvest in healthy futures by passing strong Child Nutrition Reauthorization
üçΩ#ProtectSNAP, MS‚Äô 1st line of defense against hunger  
üìöHelp end #CollegeHunger 
üå±Support policies advancing community #foodsecurity https://t.co/afNraAte6o",mtmorcelle,DC (Stolen Powhatan Land),0,0,3,0
98,2021-03-23 18:42:15+00:00,1374431313826967564,Six experts weigh in on what foods and appliances they have banished from their kitchen counters in the name of health. https://t.co/l8kUwdnA4D https://t.co/vBUeYu9JEA,DuaneHClayton,"Madison, MS",0,0,0,0
99,2021-03-20 13:00:58+00:00,1373258262255124480,"No family should have to choose between paying for groceries or paying their bills. But during #COVID19, 2 in 5 families are struggling to afford food, housing, and health care. In order to thrive, families need support. Learn more: https://t.co/GZ20EV260k. #KidsAreEssential",MS_DHS,"Jackson, Mississippi",0,0,2,0
100,2020-12-14 20:08:01+00:00,1338576498454892553,"I am health and I am wealth, but trash food just taste so good.",Jeff_IAmThatIAm,"Jackson, MS",0,0,1,0
101,2020-11-06 00:47:47+00:00,1324513776583016455,"Gas prices with biden was VP. If the democrats get away with this election fraud, ya better get ready for gas to go up along with taxes, health care, utilities, food and everything else Except Employment ! Better learn to speak Chinese, their military is already in Canada. https://t.co/oJtvmMsrTK",Lessweforget57, USA,0,0,0,0
102,2020-09-03 22:27:23+00:00,1301648010603094017,@simply_steph923 avocado toast is a bottom-tier health food. massive scam.,calvertlamon,"Lorman, MS",1,0,1,0
103,2020-07-19 03:41:06+00:00,1284694727707762689,"@tweettruth2me I dont do health food diets or anything, but I don't eat only processed sugar either.",chris_rogerson_,"Oxford, MS",1,0,1,0
104,2020-06-17 23:52:42+00:00,1273403227548123137,"@itsjillgardner Ugh...
As someone who struggled with weight from an early age, I am not a fan of this. 
Same reason I am trying to get my one overweight son to be more active and eat more whole foods. Focus on what they need for health versus dieting.",LauraOinAK,"Poplarville, MS",1,0,1,0
105,2020-05-22 16:30:17+00:00,1263869805809016839,"The senate won't consider another stimulus because Trump say's so.
It's held hostage by Rep's and Trump.
Because they don't have to worry about rent, food, electric bill every dam day.
They watch as American's suffer with bill's, health.
1/

https://t.co/rKq704VjdL",debbie_american,"Live in MISS, 25 years in TXüòä",6,1,1,0
106,2020-05-11 14:52:36+00:00,1259858956559831045,"if u work in the food industry you have a love\hate relationship with mother‚Äôs day. you hate the chaos and wish you didn‚Äôt come in, but you love the tips and how much money you made. but mother‚Äôs day is exhausting, and yesterday was detrimental to my mental health. lol.",olivia_brackeen,"Mississippi, USA",0,0,1,0
107,2020-04-20 15:57:02+00:00,1252265025508696068,@TheView This situation we are in should be about health and healing. Not about guns or anything else. Govt needs to step in and do their appointed and elected work. Why are we destroying fresh food and dairy. Folks are scared and hungry Think outside the box and take care of all citizens,dexterdanf,,0,0,0,0
108,2020-04-12 04:49:33+00:00,1249197945792147460,"I eat a lot of fast food, on d go, n eat n my car, GOD has SHOWN me I have 2 look out 4 My HEALTH AS WELL, DON'T JUST LIVE 2 EAT, BUT EAT 2 LIVE...",unorthodox_wf,"Jackson, MS",0,0,0,0
110,2020-02-14 00:02:45+00:00,1228107270485139456,"3/ Another idea would be the effect's of his cutting health care with medicare,medicaid, food help.
Yesterday several people I know lost there benefits due to what Trump has done.
Make a commercial a program show these effect's and tell people there is much more coming. 3/4",debbie_american,"Live in MISS, 25 years in TXüòä",1,0,0,0
111,2020-02-12 16:15:19+00:00,1227627250201366528,"@camzilllla so don‚Äôt u think i know people who are fucking poor as fuck, and don‚Äôt have the means to be educated about true health are gonna be susceptible to trash foods....bro get yo anti vegan head out yo ass. y‚Äôall niggas more annoying than us fr.",theonlystarleft,,0,0,0,0
112,2020-01-12 20:32:24+00:00,1216457925855793159,"@robbiefaulkSDN I‚Äôm beginning to learn more and more about how our diets affect health. One of my best friends motto is Health Drives Performance. That‚Äôs for all parts of life, not just sports or training. Health is hugely affected by the food we eat.",CoachTQuick,"Philadelphia, MS",1,0,0,0
113,2019-12-22 20:05:33+00:00,1208841020525498369,"this year has been pretty rough for me from ü•∫ although I‚Äôve had some great ups I‚Äôve also experienced some major downs from graduating to going to college to having a miscarriage to my health failing with my diabetes, having the flu and food poisoning.",Miracles_R_Born,"Canton, MS",2,0,6,1
114,2019-09-14 16:44:59+00:00,1172914149287956481,"1000% sure I‚Äôm not trusting my health or life to what fast food staff tell me.

Owen Carey died after eating Byron burger despite informing staff of allergy, coroner rules - CNN https://t.co/oeUhWXyWWC",clemsontyger,"Dallas, TX",0,0,1,0
115,2019-09-14 15:47:14+00:00,1172899616989294596,"@nytimes .
The Best Way To Help The Homeless - 

Build Them A Compound, In City Industrial-Zones - Away From The Residents...

Then,
Provide Them With Food, Shelter &amp; Mental-Health Services - So They Can Rebuild Their Lives &amp; Find Jobs...

Most Of Them Are Good Americans, Who NEED HELP.
.",RonHugh13777418,United States,0,0,0,0
116,2019-08-17 15:46:34+00:00,1162752586178617345,"LIVE!! Food never found better friends than this collection of authors who cover the spread with heart, health, humor, and a party spirit. #MSBookFest #MPBBooks @msbookfest @PBSFood  https://t.co/zhVlnCoUoC",MPBOnline,"Jackson, MS",0,5,9,0
118,2019-08-08 23:30:41+00:00,1159607895899758592,@AliVelshi Walmart sells unhealthy food that is consumed by people who become obese and in turn have health issues and sometimes die from them... are you walking out for that too?,twitwmj,"Richland, MS",0,0,0,0
119,2019-07-22 12:50:26+00:00,1153286175962148864,"Thanks WAPT for promoting our AARP MS Back-To-School Block Party! Join us this Sat.,July 27th from 10:00-12:00 at Kirksey Middle Sch! Get free haircuts, school uniforms/supplies, food from Penn‚Äôs and Outback, health/vision/dental screenings, guardianship help &amp; more! @16WAPTNews https://t.co/4V70aUmA8D",KimberlyLCampb3,"Madison, MS",1,0,21,1
122,2019-07-05 21:24:46+00:00,1147255021249187842,"We created this monstrous behavior as a society, but she needs to do some serious service to her community at food banks and the health department. #BlueBell #BlueBellLicker https://t.co/Ghyk1jljHz",clovejackson,Mississippi,0,0,2,0
124,2019-06-07 17:34:23+00:00,1137050181835337728,"@HarvardChanSPH One of mine, too! My @HarvardChanSPH #UDHR was the first thing I framed &amp; hung in my office at the Mississippi Center for Justice, where I focus on advancing health &amp; food rights (#Article25) https://t.co/CGghjPabU2",mtmorcelle,DC (Stolen Powhatan Land),1,0,2,0
126,2019-04-19 18:00:34+00:00,1119299766624641026,"If a fetus is a child and this a person, why aren‚Äôt fathers required to pay for the care of that child through increased food consumption by mother and increased health care costs? I also think they should have to pay half of lost wages when mothers are out on maternity leave! https://t.co/yp5xSg1TON",iMacHead,United States,0,1,1,0
127,2019-04-17 11:20:06+00:00,1118474210031165440,Links have been made to increased ER visits for food insecire diabetic patients as a result of food melts. This greatly impacts household resources and health. https://t.co/jLkvhxLaAK,AnnieCafer,"Oxford, MS",0,2,5,1
128,2019-04-16 12:39:41+00:00,1118131848012554241,#taichi #taichichuan #chigong #Qigong #breathing #exercises #health #mindfulness #straightsword #sword #kungfu #wushu #wudang #wellness #exercises #wellness #quotes #chairtaichi #water #food,hongkongtaichi,,0,0,0,0
129,2019-04-10 16:18:53+00:00,1116012684665864198,#taichi #taichichuan #chigong #Qigong #breathing #exercises #health #mindfulness #straightsword #sword #kungfu #wushu #wudang #wellness #exercises #wellness #quotes #chairtaichi #water #food #foodie,hongkongtaichi,,0,0,0,0
130,2019-04-09 21:33:11+00:00,1115729394268614656,#taichi #taichichuan #chigong #Qigong #breathing #exercises #health #mindfulness #straightsword #sword #kungfu #wushu #wudang #wellness #exercises #wellness #quotes #chairtaichi #water #food #foodie,hongkongtaichi,,0,0,1,0
132,2021-01-13 20:03:16+00:00,1349446937720848385,I will continue to work with the Center and other stakeholders to develop innovative strategies to bring more sources of healthy food to the state‚Äôs underserved areas and to eliminate ‚Äúfood deserts‚Äù in the state.,jerameyanderson,"Mississippi, USA",1,1,3,0
133,2020-06-02 19:45:56+00:00,1267905306899681286,"@JXHNCOLD @Reyani_Amariae It does matter the reason. You do understand poverty, placing gang members in close proximity, food deserts and more are not just a coincidence in most predominantly black neighborhoods? This is done purposely causing ‚Äúblack on black‚Äù crime. But her statement still remains",Kay__Stackss,,2,1,7,0
134,2020-04-02 12:35:37+00:00,1245691353994067969,"@WxDiz In some places many, many miles. (We have food deserts) That plays into it. But wouldn‚Äôt that also play into rural areas all across the country including the areas that aren‚Äôt red?",MarshallRamsey,Somewhere in Mississippi.,0,0,1,0
135,2020-02-06 20:00:31+00:00,1225509596015595521,I will continue to work with the Center and other stakeholders to develop innovative strategies to bring more sources of healthy food to the state‚Äôs underserved areas and to eliminate ‚Äúfood deserts‚Äù in the state.,jerameyanderson,"Mississippi, USA",1,0,1,0
136,2019-11-03 23:55:38+00:00,1191141919604256768,@HoodForGovernor I work in health care in one of N MS's USDA-designated food deserts. My patients have trouble affording to buy fresh fruits and vegetables. This makes it harder for us health care professionals to fight diabetes and hypertension. I support reducing or eliminating the grocery tax.,cknunnally,"Ripley, MS",0,1,8,1
139,2021-03-15 19:13:12+00:00,1371539998785335298,#HealthyFood,scottregionsco1,"Monticello, MS",0,0,0,0
140,2021-01-03 19:13:51+00:00,1345810623175811074,#HealthyFood,scottregionsco1,"Monticello, MS",0,0,0,0
141,2020-10-07 10:06:56+00:00,1313782857811349505,Visit us to get your healthy meal replacement shake and energy tea #HealthyFood #energy #copiahutrition #wesson #ms https://t.co/GLWDGS2GLU,CopiahNutrition,"Wesson, MS",0,0,0,0
142,2020-05-21 20:40:46+00:00,1263570453194575873,"A day in Mississippi with the familyüíï‚ù§üåüüí´‚ú® #Solid üíØü§û‚úä
MSTDLLC #MomBoss #ChasingTheVision #MooreKlan #CookingDaily #WeDeliver #WeCater #BakedGoods #Sweets #SoulFood #HealthyFood #YummyFood #TheChoiceIsYours‚Ä¶ https://t.co/i1gT71ETxu",99BossChick99,God's Kingdom,0,0,0,0
143,2020-03-18 00:57:22+00:00,1240079816008884232,"Let‚Äôs #Fellowship and get past 2020 wit Beating  #MS and    #Coronavirus  #healthyfood Breathe and Eat!!..  #MsSurvivor @ Madison, Mississippi https://t.co/y6242DzRuH",zacrossthem,"jackson,MS",0,0,0,0
146,2019-07-06 18:04:14+00:00,1147566940396933126,"Creamy chicken with gnocchi, corn and spinach.  #healthyrecipes #HealthyFood https://t.co/phkqLKCo18",LannyMixon,"Perry County, MS",0,0,3,0
147,2019-04-04 16:59:15+00:00,1113848516013645824,"I had some fun in Kroger this morning learning a few budget-friendly, healthy eating tips from the wonderful @RebeccaTurnerRD! üçΩüçéüçäüçÖü•¶üõíü•ïü•í Stay tuned for the story coming your way next week! ‚ò∫Ô∏è
.
.
.
#healthyfood #budgetfriendlymeals #nutrition #jacksonms #FocusedOnFitness https://t.co/DCOjusHpXI",AsToldBy_Kell,"Jackson, MS",1,1,3,0
148,2019-03-27 17:36:55+00:00,1110958891741917184,"We LOVE Brussels Sprouts and could eat them at every meal! 

#brusselssprouts #HealthyFood #eatyourveggies #vegetables #eatgreen #healthylifestyle #grilled #baked #cracked #Foodies #foodbloggers #foodwriter #foodphotography #WednesdayWisdom 

https://t.co/TrHqgLjTbK",BackroadsStaff,"Columbia, MS",0,0,1,0
149,2018-10-16 14:17:44+00:00,1052201932306227200,"Transformation Tuesday

Come get healthy @epicdanceandfit 
#transformationtuesday #newbody #healthylifestyle #epicdanceandfitness #beepic #healthyfood #heathlife #heathymom @ Epic Dance‚Ä¶ https://t.co/GXmt2W2U25",epicdanceandfit,"Ridgeland, MS",0,0,1,0
150,2018-10-10 05:59:55+00:00,1049902324863442945,This salad bar is amazing #healthyfood #hospitalfood  #morrison @ University of Mississippi Medical Center https://t.co/LUpkVmRkif,meadia,"Jackson,Mississippi Worldwide ",0,0,0,0
151,2018-09-11 21:28:22+00:00,1039626728937803779,"Come get healthy @epicdanceandfit 
#transformationtuesday #newbody #healthylifestyle #epicdanceandfitness #beepic #healthyfood #heathlife #heathymom @epicdanceandfit @ Epic Dance and‚Ä¶ https://t.co/mnxH1oO3CS",epicdanceandfit,"Ridgeland, MS",0,0,0,0
152,2018-08-17 13:24:33+00:00,1030445277185040386,#newbody #healthylifestyle #epicdanceandfitness #beepic #healthyfood #heathlife #heathymom @epicdanceandfit @ Epic Dance and Fitness Inc https://t.co/LaXwOC3Koo,epicdanceandfit,"Ridgeland, MS",0,0,0,0
153,2018-08-02 15:26:20+00:00,1025040108247019520,#moreprotein #postworkoutmeal @egglandsbest #omlette #pulledporkomlette #pulledpork #organic #mylife #healthyfood #goodeats #foodporn #foodpornography #eatright @ Patrick Farms https://t.co/V7HdskUO9n,SigChiPsi,"√úT: 31.608732,-94.600016",0,0,0,0
154,2018-07-31 21:13:26+00:00,1024402681547423749,"Come get healthy @epicdanceandfit 
#transformationtuesday #newbody #healthylifestyle #epicdanceandfitness #beepic #healthyfood #heathlife #heathymom @epicdanceandfit @ Epic Dance and‚Ä¶ https://t.co/2UIQHpovd5",epicdanceandfit,"Ridgeland, MS",0,0,0,0
155,2018-07-30 16:13:01+00:00,1023964692509798400,barnana #plantainchips #seasaltandvinegar #goodstuff #healthyfood #foodpornography #foodporn #nongmo #organic #gorillagear #bananachips #goodeats @ Patrick Farms https://t.co/JOAoDGKlLu,SigChiPsi,"√úT: 31.608732,-94.600016",0,0,1,0
156,2018-07-27 18:16:05+00:00,1022908499926216704,"#mybag #mycart #whatibuy @kroger @monsterenergy @Horizon_Organic #grassfed @gevalia #krave @epicbar #thegoodstuff #goodeats #foodpornography #foodporn #healthyfood #mylife @ Brandon,‚Ä¶ https://t.co/zEgUqUixTf",SigChiPsi,"√úT: 31.608732,-94.600016",0,0,1,0
157,2018-07-20 02:35:18+00:00,1020135026783113221,#midrun #snack barnana #coconut #banana #bites #organic #organiccoconutchewybananabites #nongmo #postrunsnack @epicbar #chickensriracha #jerkey #protein #healthyfood #foodporn‚Ä¶ https://t.co/O9gf4kcPHm,SigChiPsi,"√úT: 31.608732,-94.600016",0,0,0,0
158,2018-07-17 18:54:06+00:00,1019294187592802309,#transformationtuesday #newbody #healthylifestyle #epicdanceandfitness #beepic #healthyfood #heathlife #heathymom @epicdanceandfit @ Epic Dance and Fitness Inc https://t.co/pfYUgLWA0A,epicdanceandfit,"Ridgeland, MS",0,0,1,0
159,2018-07-14 02:40:19+00:00,1017961962251186177,#postrunfuel #berries #strawberries #strawberry #organic #foodporn #foodphotography #vitamins #minerals #goodeats #healthylifestyle #healthyfood @ Patrick Farms https://t.co/k9etxRLFlA,SigChiPsi,"√úT: 31.608732,-94.600016",0,0,0,0
160,2018-07-11 02:06:15+00:00,1016866225324949505,#postrunmeal #crabsalad #and #sweetpotato #organic #goodeats #foodporn #foodpornography #salad #seafood #crab #healthyfood #healthy #healthfood @ Patrick Farms https://t.co/1SQRLXxozK,SigChiPsi,"√úT: 31.608732,-94.600016",0,0,0,0
161,2018-06-27 02:36:25+00:00,1011800386062209025,#postrunmeal #healthyfood #foodporn #foodpornography #organic #posthalfmarathon #posthalfmarathonrecovery #protein #chickenbreast #kale #goodeats #thegoodstuff @ Patrick Farms https://t.co/8SiehF2dW5,SigChiPsi,"√úT: 31.608732,-94.600016",0,0,0,0
162,2018-06-23 02:40:29+00:00,1010351860685922305,It‚Äôs a #blueberry stuffed #rasberry stuffed #strawberry and it‚Äôs #delicious #blueberries #rasberries #strawberries #frankinberry #organic #organicfood #healthyfood #healthfoodporn‚Ä¶ https://t.co/rZXp2Y5JsX,SigChiPsi,"√úT: 31.608732,-94.600016",0,0,0,0
